nome,sobrenome,email,telefone,categoria
Miguel,Tavares de Paula Pereira,miguelpereira@bol.com.br,(44) 9635-7729,Trabalho
Eduardo,Pereira Pinto,eduardopinto@gmail.com,(77) 9 5424-7786,Conhecidos
Vinicius,de Melo Nunes Campos,viniciuscampos@ig.com.br,(37) 9 9795-0087,Conhecidos
Bento,Moraes Viana da Conceiçao,bentoconceiçao@bol.com.br,(77) 9 6893-7505,Familia
Gabriela,Barros Silva Neves,gabrielaneves@ig.com.br,(94) 9 3466-2831,Conhecidos
Clara,Ribeiro Pereira Braga,clarabraga@bol.com.br,(52) 6859-8245,Familia
Enzo,de Melo,enzomelo@ig.com.br,(45) 9547-3184,Conhecidos
Livia,Martins,liviamartins@gmail.com,(14) 5443-2661,Conhecidos
Heloísa,Correia Dantas Santana,heloísasantana@hotmail.com,(15) 9773-0235,Conhecidos
Pedro,Henrique Moura Neves Bezerra,pedrobezerra@outlook.com,(19) 2356-4062,Familia
Agatha,Silveira,agathasilveira@ig.com.br,(56) 6878-9101,Conhecidos
Valentina,Dias Marques Sousa,valentinasousa@outlook.com,(56) 8299-5707,Conhecidos
Rebeca,Freitas Ribeiro,rebecaribeiro@hotmail.com,(26) 9 8929-7703,Conhecidos
Noah,de Almeida Garcia Cavalcante,noahcavalcante@outlook.com,(99) 9 3364-1231,Conhecidos
Emanuelly,de Freitas Santos de Souza,emanuellysouza@ig.com.br,(85) 4639-6842,Conhecidos
Bento,Campos Sántos Bezerra,bentobezerra@outlook.com,(63) 9422-8667,Trabalho
Emanuelly,Souza,emanuellysouza@gmail.com,(57) 2393-6751,Conhecidos
Maria,Alice Miranda Pereira do Carmo,mariacarmo@hotmail.com,(55) 9 3694-8277,Conhecidos
Bryan,Barros,bryanbarros@hotmail.com,(97) 9 3756-5723,Trabalho
Noah,Duarte,noahduarte@outlook.com,(14) 9 8923-8254,Familia
Melissa,Aparecido,melissaaparecido@outlook.com,(34) 9 7963-3063,Trabalho
Vinicius,de Castro,viniciuscastro@gmail.com,(37) 9278-6399,Trabalho
Joao,Pedro Oliveira,joaooliveira@hotmail.com,(99) 9 6599-2083,Conhecidos
Guilherme,dos Santos Santos,guilhermesantos@bol.com.br,(85) 9 9697-9065,Conhecidos
Felipe,Andrade Viana,felipeviana@hotmail.com,(22) 4937-6303,Conhecidos
Caio,Sousa Rocha Vieira,caiovieira@gmail.com,(95) 2924-9435,Conhecidos
Samuel,da Conceiçao Carneiro,samuelcarneiro@hotmail.com,(26) 8885-6402,Familia
Vicente,Leite,vicenteleite@gmail.com,(24) 9 3547-1406,Trabalho
Davi,Lucca Moraes da Conceiçao,daviconceiçao@bol.com.br,(29) 5529-0065,Trabalho
Enzo,Gabriel Ribeiro Nogueira,enzonogueira@hotmail.com,(14) 9 7637-3103,Trabalho
Maria,Helena Tavares de Jesus,mariajesus@outlook.com,(62) 9 3442-9421,Familia
Alice,de Sousa da Cruz,alicecruz@outlook.com,(29) 9 5675-3980,Trabalho
Beatriz,Cavalcante Mendes,beatrizmendes@ig.com.br,(24) 9 5883-6161,Familia
Pedro,Henrique,pedrohenrique@outlook.com,(91) 9 5655-9712,Conhecidos
Rafael,Silva Cordeiro,rafaelcordeiro@gmail.com,(66) 9 2473-0185,Conhecidos
Mariana,Melo Guimaraes de Freitas,marianafreitas@gmail.com,(39) 5525-4641,Conhecidos
Pietro,Duarte,pietroduarte@outlook.com,(81) 5987-1343,Familia
Maria,Alice Rodrigues da Conceiçao,mariaconceiçao@outlook.com,(11) 4837-0695,Familia
Cecilia,Miranda Pires Marques,ceciliamarques@ig.com.br,(13) 9 4928-8166,Familia
Benício,Leite Moura,beníciomoura@bol.com.br,(57) 9 4643-1266,Conhecidos
Vitor,da Rocha Rodrigues Viana,vitorviana@ig.com.br,(76) 9 5223-4264,Familia
Joaquim,de Paula Santos,joaquimsantos@hotmail.com,(81) 9 4236-1765,Conhecidos
Daniel,Rodrigues Sousa,danielsousa@outlook.com,(12) 5479-8453,Familia
Catarina,Siqueira Miranda,catarinamiranda@gmail.com,(29) 3823-9232,Conhecidos
Joao,Miguel Oliveira,joaooliveira@bol.com.br,(19) 5735-3722,Familia
Alice,Souza Farias,alicefarias@gmail.com,(83) 9 5453-0955,Familia
Lara,de Almeida Martins de Assis,laraassis@gmail.com,(23) 9 7697-5565,Familia
Benício,Oliveira dos Reis Viana,benícioviana@ig.com.br,(61) 9936-3587,Familia
Antônio,Cardoso Oliveira,antôniooliveira@ig.com.br,(19) 9 3392-5910,Trabalho
Ana,Luiza Leite de Melo Cardoso,anacardoso@gmail.com,(21) 9 3353-7066,Conhecidos
Arthur,Farias Santos,arthursantos@gmail.com,(57) 2523-6814,Familia
Guilherme,Moreira Correia,guilhermecorreia@ig.com.br,(81) 9 3639-2438,Familia
Ana,Laura de Oliveira Mendes Santana,anasantana@bol.com.br,(26) 9 6355-5026,Trabalho
Bernardo,Melo Batista,bernardobatista@gmail.com,(95) 9 5437-4940,Trabalho
Alicia,Alves Santos Pinto,aliciapinto@outlook.com,(56) 9947-4470,Familia
Felipe,Costa,felipecosta@ig.com.br,(31) 9 8227-5528,Conhecidos
Clara,de Carvalho Sousa Miranda,claramiranda@gmail.com,(69) 6756-9703,Familia
Alicia,Leite Farias Cruz,aliciacruz@hotmail.com,(25) 6876-4633,Conhecidos
Gabriel,Sousa Siqueira,gabrielsiqueira@gmail.com,(54) 9 8757-2386,Conhecidos
Esther,Machado,esthermachado@ig.com.br,(22) 3832-4837,Conhecidos
Isabella,Gonçalves,isabellagonçalves@bol.com.br,(32) 9 5972-6241,Trabalho
Maite,Viana Garcia,maitegarcia@outlook.com,(11) 9 2438-2260,Familia
Heloísa,Moraes,heloísamoraes@hotmail.com,(39) 7569-8300,Familia
Eloa,Araujo,eloaaraujo@gmail.com,(46) 9 8564-8869,Trabalho
Murilo,Silva de Andrade,muriloandrade@ig.com.br,(89) 8765-8846,Familia
Caua,Nogueira Barbosa Moraes,cauamoraes@bol.com.br,(11) 2269-2616,Trabalho
Gabriela,Siqueira de Melo,gabrielamelo@ig.com.br,(91) 6233-7207,Familia
Joao,Siqueira,joaosiqueira@outlook.com,(37) 9 4857-6863,Conhecidos
Joao,Miguel Cavalcante Oliveira Garcia,joaogarcia@outlook.com,(54) 3347-4401,Conhecidos
Davi,Souza,davisouza@bol.com.br,(94) 3476-9453,Familia
Valentina,Cruz Sousa,valentinasousa@outlook.com,(11) 9 3885-6945,Trabalho
Antonella,Cardoso dos Santos da Cruz,antonellacruz@ig.com.br,(37) 3633-5918,Conhecidos
Heitor,de Almeida Freitas,heitorfreitas@bol.com.br,(72) 5729-6963,Familia
Mariana,Ribeiro de Jesus Marques,marianamarques@bol.com.br,(23) 5586-6253,Conhecidos
Eloa,Brito,eloabrito@ig.com.br,(93) 7288-2927,Familia
Ana,Julia Neves de Araujo Andrade,anaandrade@ig.com.br,(19) 9 5545-1523,Conhecidos
Mariana,Moreira Moreira,marianamoreira@bol.com.br,(53) 9 2597-5625,Familia
Daniel,Monteiro,danielmonteiro@outlook.com,(39) 8598-8741,Conhecidos
Giovanna,Moreira,giovannamoreira@hotmail.com,(53) 9 3778-5679,Familia
Enzo,Moreira Barros,enzobarros@outlook.com,(67) 2523-8473,Familia
Isis,Cardoso Lima Coelho,isiscoelho@outlook.com,(91) 6627-1183,Conhecidos
Lorenzo,Gomes,lorenzogomes@gmail.com,(88) 9 4287-3585,Conhecidos
Alicia,Barros Duarte,aliciaduarte@outlook.com,(35) 9 4825-9115,Trabalho
Anthony,Ramos Leite Martins,anthonymartins@gmail.com,(42) 9295-8657,Trabalho
Leonardo,Alves Rocha Barros,leonardobarros@gmail.com,(73) 9 9333-8163,Trabalho
Daniel,Vieira,danielvieira@bol.com.br,(77) 9626-4086,Familia
Isabella,de Andrade Henrique,isabellahenrique@outlook.com,(47) 9 6254-8921,Conhecidos
Alice,Dantas Nascimento,alicenascimento@hotmail.com,(15) 9 2234-0783,Trabalho
Isis,Barbosa,isisbarbosa@bol.com.br,(35) 2787-9531,Familia
Eloa,Araujo,eloaaraujo@outlook.com,(55) 9 7936-0219,Trabalho
Lara,de Melo Silva de Paula,larapaula@bol.com.br,(82) 4433-7008,Trabalho
Maria,Helena Alves,mariaalves@bol.com.br,(86) 9 4398-9508,Conhecidos
Lucas,Rocha de Jesus,lucasjesus@ig.com.br,(64) 9 5528-4604,Trabalho
Pedro,Henrique de Oliveira Borges Viana,pedroviana@ig.com.br,(97) 9 3885-2934,Trabalho
Clara,Freitas Lima,claralima@bol.com.br,(85) 9 7584-4865,Familia
Maite,Nogueira de Carvalho Pires,maitepires@bol.com.br,(66) 2688-9622,Conhecidos
Sarah,de Assis Vieira Ramos,sarahramos@bol.com.br,(69) 9 5229-1338,Conhecidos
Joaquim,Oliveira,joaquimoliveira@outlook.com,(15) 9 8554-6849,Familia
Lavinia,Borges Ribeiro,laviniaribeiro@gmail.com,(91) 8567-6515,Conhecidos
Rebeca,Batista de Souza Santana,rebecasantana@bol.com.br,(85) 6954-6099,Familia
Emanuel,da Rocha Correa,emanuelcorrea@ig.com.br,(61) 9677-2082,Conhecidos
Isabella,Correia,isabellacorreia@gmail.com,(77) 9849-7901,Trabalho
Antonella,Pires Costa,antonellacosta@outlook.com,(99) 6729-6643,Familia
Emanuelly,Cordeiro Rocha Dantas,emanuellydantas@bol.com.br,(18) 9 9457-0545,Trabalho
Davi,Lucca Marques,davimarques@outlook.com,(57) 7976-9041,Conhecidos
Catarina,Teixeira Pinheiro,catarinapinheiro@outlook.com,(95) 8264-7324,Conhecidos
Isaac,Marques,isaacmarques@ig.com.br,(36) 3232-1368,Familia
Caio,de Andrade Correia Leite,caioleite@outlook.com,(63) 9 6698-2430,Conhecidos
Pedro,Correia Guimaraes Correa,pedrocorrea@gmail.com,(91) 9 8477-7679,Familia
Bryan,Silva de Souza,bryansouza@hotmail.com,(48) 6996-8514,Conhecidos
Manuela,Barros de Souza Barros,manuelabarros@gmail.com,(72) 8992-4307,Trabalho
Beatriz,do Nascimento do Carmo Souza,beatrizsouza@outlook.com,(77) 2769-6334,Conhecidos
Antonella,Alves Reis,antonellareis@hotmail.com,(99) 4462-1803,Familia
Antônio,do Carmo Lima Garcia,antôniogarcia@bol.com.br,(79) 8979-5255,Conhecidos
Anthony,Moraes,anthonymoraes@hotmail.com,(11) 7228-3928,Familia
Helena,Neves,helenaneves@gmail.com,(73) 6757-4909,Familia
Bento,Braga Bezerra Barbosa,bentobarbosa@gmail.com,(55) 7884-1857,Trabalho
Bento,Farias,bentofarias@hotmail.com,(84) 2722-4843,Conhecidos
Rebeca,Oliveira dos Reis,rebecareis@bol.com.br,(21) 3282-1737,Trabalho
Felipe,da Cruz Farias Fernandes,felipefernandes@bol.com.br,(11) 4427-3145,Conhecidos
Arthur,do Carmo de Castro Leite,arthurleite@ig.com.br,(46) 9 6527-3137,Conhecidos
Lavinia,Barbosa,laviniabarbosa@hotmail.com,(22) 9 4544-4444,Familia
Catarina,Monteiro Pinto Cardoso,catarinacardoso@bol.com.br,(37) 8928-5103,Familia
Sophia,Farias Santos Carneiro,sophiacarneiro@hotmail.com,(84) 7764-7059,Familia
Benjamin,Nunes,benjaminnunes@hotmail.com,(89) 9 6955-5247,Familia
Pietro,de Castro Lima,pietrolima@bol.com.br,(51) 9 8762-0439,Conhecidos
Gabriel,Aparecido,gabrielaparecido@gmail.com,(99) 3939-5969,Familia
Rebeca,Sousa Siqueira,rebecasiqueira@ig.com.br,(22) 9 3982-4672,Familia
Guilherme,dos Santos Moreira Lima,guilhermelima@hotmail.com,(51) 9 4894-2458,Familia
Enrico,Soares Tavares,enricotavares@ig.com.br,(35) 9 7784-6946,Trabalho
Murilo,Coelho de Melo,murilomelo@bol.com.br,(73) 9 9652-7707,Trabalho
Felipe,Aparecido do Carmo do Nascimento,felipenascimento@hotmail.com,(37) 9 9565-4265,Conhecidos
Heitor,Correa Borges Silveira,heitorsilveira@bol.com.br,(93) 9592-6467,Conhecidos
Esther,Andrade de Andrade da Rocha,estherrocha@outlook.com,(97) 5343-2510,Conhecidos
Bento,Teixeira Lima Silveira,bentosilveira@ig.com.br,(76) 6668-0889,Familia
Bento,de Melo,bentomelo@ig.com.br,(75) 6653-4141,Familia
Pietro,Pereira,pietropereira@gmail.com,(68) 9 6474-0950,Conhecidos
Miguel,da Conceiçao Silveira,miguelsilveira@gmail.com,(99) 9 6326-2985,Familia
Mariana,Moraes Carvalho,marianacarvalho@bol.com.br,(36) 9 2846-6981,Conhecidos
Eloa,Miranda,eloamiranda@hotmail.com,(69) 9 6889-2101,Familia
Maria,Clara Costa da Cruz de Araujo,mariaaraujo@outlook.com,(23) 2855-2266,Conhecidos
Guilherme,Correia Cavalcante,guilhermecavalcante@bol.com.br,(24) 9874-8364,Trabalho
Antônio,Coelho Bezerra,antôniobezerra@outlook.com,(91) 5734-0527,Familia
Eduardo,Cardoso Oliveira Batista,eduardobatista@ig.com.br,(97) 9 2437-4109,Trabalho
Joaquim,dos Reis,joaquimreis@hotmail.com,(95) 9 7464-6280,Trabalho
Agatha,Araujo de Paula,agathapaula@bol.com.br,(79) 3694-9078,Familia
Maria,Alice Fernandes Farias de Araujo,mariaaraujo@bol.com.br,(78) 9 2792-3956,Familia
Maria,Alice Santos Moreira da Cruz,mariacruz@outlook.com,(95) 8623-0626,Trabalho
Gael,Silveira,gaelsilveira@outlook.com,(28) 9 9945-5661,Familia
Calebe,Lima,calebelima@ig.com.br,(39) 9 3978-0225,Familia
Theo,Conceição de Sousa,theosousa@outlook.com,(37) 9 5873-9600,Familia
Bento,Nascimento,bentonascimento@outlook.com,(91) 9 7534-0257,Conhecidos
Henrique,Correia,henriquecorreia@ig.com.br,(18) 2988-2602,Familia
Maite,Cruz,maitecruz@outlook.com,(97) 5452-8094,Trabalho
Joao,Pedro Neves da Conceiçao,joaoconceiçao@hotmail.com,(83) 9 6783-8366,Familia
Pietro,de Castro Barbosa,pietrobarbosa@hotmail.com,(66) 9 2476-5998,Familia
Emanuelly,Teixeira Barros de Almeida,emanuellyalmeida@hotmail.com,(37) 2553-3767,Conhecidos
Arthur,Brito de Assis Fernandes,arthurfernandes@ig.com.br,(43) 9996-3934,Conhecidos
Maria,Cecília Correa Dantas de Jesus,mariajesus@bol.com.br,(13) 9866-0433,Conhecidos
Antônio,Carneiro da Rocha Cavalcante,antôniocavalcante@ig.com.br,(49) 9 5363-4484,Conhecidos
Vitor,Rocha Barros,vitorbarros@outlook.com,(65) 9 5227-0886,Trabalho
Vicente,de Castro,vicentecastro@gmail.com,(64) 7686-1756,Familia
Davi,Melo da Conceiçao Pinto,davipinto@bol.com.br,(57) 9 8752-6502,Trabalho
Maria,Eduarda Monteiro Sántos Monteiro,mariamonteiro@bol.com.br,(89) 6287-5119,Conhecidos
Joaquim,Marques Bezerra Souza,joaquimsouza@hotmail.com,(18) 9 4658-7073,Trabalho
Maria,Cecília Araujo Cavalcante Andrade,mariaandrade@ig.com.br,(72) 9 9279-5880,Conhecidos
Rebeca,de Andrade de Melo,rebecamelo@ig.com.br,(87) 9462-4504,Familia
Maite,de Jesus Silva,maitesilva@gmail.com,(67) 8733-0235,Trabalho
Giovanna,Barbosa,giovannabarbosa@bol.com.br,(56) 8695-7724,Conhecidos
Maria,Clara Fernandes,mariafernandes@ig.com.br,(26) 9 7399-4704,Conhecidos
Maria,Luiza Rocha,mariarocha@gmail.com,(13) 4665-4260,Conhecidos
Arthur,da Costa do Nascimento,arthurnascimento@bol.com.br,(29) 9 3379-2460,Trabalho
Rebeca,Fernandes,rebecafernandes@gmail.com,(82) 9 5866-8868,Familia
Isadora,Vieira,isadoravieira@gmail.com,(78) 9 4925-1567,Conhecidos
Caio,Silva,caiosilva@outlook.com,(74) 9 4238-9949,Familia
Maria,Julia Teixeira Moura,mariamoura@gmail.com,(83) 9 2278-1681,Familia
Miguel,Barros,miguelbarros@gmail.com,(45) 7736-4177,Trabalho
Helena,Andrade de Jesus,helenajesus@ig.com.br,(85) 7663-2158,Familia
Vicente,Bezerra,vicentebezerra@outlook.com,(43) 9 3545-4395,Familia
Enrico,Aparecido,enricoaparecido@ig.com.br,(12) 9 9856-9448,Familia
Maria,Eduarda Carneiro Silveira Coelho,mariacoelho@gmail.com,(68) 6445-2298,Trabalho
Emanuel,Machado,emanuelmachado@ig.com.br,(52) 9 9966-1270,Trabalho
Laura,Araujo da Rocha,laurarocha@gmail.com,(28) 3239-8944,Familia
Livia,Cardoso de Freitas,liviafreitas@outlook.com,(13) 9 2883-4445,Trabalho
Nicolas,Nunes Coelho dos Santos,nicolassantos@gmail.com,(83) 9 7574-7062,Conhecidos
Vitor,Coelho Brito,vitorbrito@ig.com.br,(82) 9 5336-9670,Trabalho
Rafael,Sántos de Castro,rafaelcastro@gmail.com,(49) 7685-1472,Familia
Isaac,Nascimento Ramos Coelho,isaaccoelho@ig.com.br,(36) 2594-5096,Familia
Samuel,Barbosa Ferreira Borges,samuelborges@bol.com.br,(87) 9744-6575,Conhecidos
Pietro,de Lima Tavares Rodrigues,pietrorodrigues@hotmail.com,(21) 9 2878-6303,Familia
Isabella,Nunes Barbosa,isabellabarbosa@ig.com.br,(82) 5684-2787,Familia
Samuel,Pereira,samuelpereira@hotmail.com,(14) 9 7443-9011,Familia
Livia,Viana da Conceiçao Medeiros,liviamedeiros@ig.com.br,(11) 2726-9883,Conhecidos
Alice,Batista Sousa de Castro,alicecastro@hotmail.com,(66) 9 9489-9859,Trabalho
Isaac,de Lima,isaaclima@outlook.com,(91) 6536-4176,Familia
Daniel,Gomes,danielgomes@ig.com.br,(56) 8575-8338,Trabalho
Emanuelly,Ribeiro de Oliveira,emanuellyoliveira@gmail.com,(17) 6636-7127,Conhecidos
Joao,Pedro de Souza Pinto,joaopinto@ig.com.br,(36) 9 4744-8466,Conhecidos
Anthony,Nogueira,anthonynogueira@gmail.com,(97) 4487-5699,Conhecidos
Antonella,dos Santos Brito,antonellabrito@gmail.com,(34) 9 5292-2902,Conhecidos
Lorenzo,Carvalho,lorenzocarvalho@ig.com.br,(42) 8864-0290,Trabalho
Esther,Gonçalves de Castro,esthercastro@outlook.com,(52) 8962-8285,Conhecidos
Maria,Helena da Rocha,mariarocha@bol.com.br,(92) 9 9663-0733,Familia
Enrico,Santana Ramos,enricoramos@outlook.com,(48) 7524-3950,Conhecidos
Antônio,Bezerra,antôniobezerra@outlook.com,(53) 9 3296-5379,Familia
Gustavo,Santos,gustavosantos@hotmail.com,(65) 9 5458-3348,Familia
Eloa,Pereira Henrique Alves,eloaalves@ig.com.br,(68) 6798-4662,Familia
Maite,da Rocha,maiterocha@gmail.com,(63) 9 7665-2784,Conhecidos
Maria,Alice Pereira,mariapereira@gmail.com,(31) 9 7487-7311,Conhecidos
Gabriela,Araujo Rodrigues Sántos,gabrielasántos@ig.com.br,(83) 8452-3200,Familia
Anthony,Souza Bezerra Conceição,anthonyconceição@ig.com.br,(39) 9 9232-0512,Conhecidos
Elisa,Carneiro Costa de Freitas,elisafreitas@hotmail.com,(96) 9 2868-1596,Familia
Pedro,Henrique Braga Nunes,pedronunes@hotmail.com,(51) 4957-9974,Familia
Lara,Cardoso,laracardoso@outlook.com,(24) 9 2753-4904,Conhecidos
Maria,Eduarda Oliveira,mariaoliveira@hotmail.com,(92) 4968-2535,Trabalho
Valentina,Barbosa,valentinabarbosa@hotmail.com,(28) 9647-9695,Conhecidos
Matheus,da Costa Andrade,matheusandrade@hotmail.com,(57) 9 5437-9569,Trabalho
Eloa,Araujo Ferreira Leite,eloaleite@ig.com.br,(56) 2844-7094,Conhecidos
Caua,de Melo Bezerra,cauabezerra@outlook.com,(26) 2475-5777,Trabalho
Davi,Bezerra,davibezerra@gmail.com,(48) 7982-5503,Trabalho
Davi,Tavares,davitavares@outlook.com,(88) 9 2467-7991,Trabalho
Eloa,Santana,eloasantana@hotmail.com,(91) 9792-0589,Conhecidos
Davi,Campos,davicampos@gmail.com,(52) 7476-2114,Conhecidos
Vicente,Lima de Sousa Campos,vicentecampos@outlook.com,(32) 8782-9012,Trabalho
Eduardo,de Almeida,eduardoalmeida@ig.com.br,(71) 9 2586-2922,Familia
Pedro,Henrique de Lima Monteiro,pedromonteiro@ig.com.br,(38) 9 6274-8560,Trabalho
Lucca,Dantas,luccadantas@bol.com.br,(28) 9 2328-8096,Trabalho
Daniel,Pinheiro,danielpinheiro@outlook.com,(34) 9 6648-1785,Trabalho
Marina,Silva de Freitas Andrade,marinaandrade@gmail.com,(87) 9 9369-4496,Familia
Caio,dos Santos Reis,caioreis@bol.com.br,(27) 9 5265-6694,Trabalho
Clara,Santana,clarasantana@gmail.com,(82) 9 9984-9036,Conhecidos
Lucas,Carvalho Mendes,lucasmendes@bol.com.br,(48) 9 3574-8615,Conhecidos
Maria,Alice Reis Moreira de Sousa,mariasousa@bol.com.br,(48) 6845-1753,Familia
Murilo,de Paula,murilopaula@outlook.com,(37) 4529-7557,Trabalho
Maria,Cecília Ferreira de Jesus de Almeida,mariaalmeida@outlook.com,(92) 2667-3563,Familia
Eduardo,Silva dos Reis,eduardoreis@outlook.com,(43) 9 4564-7888,Trabalho
Eloa,Bezerra Machado Ferreira,eloaferreira@bol.com.br,(17) 7554-1800,Trabalho
Calebe,Aparecido de Sousa Cavalcante,calebecavalcante@ig.com.br,(19) 6476-3202,Familia
Maria,Clara Rocha Machado,mariamachado@ig.com.br,(45) 9 6534-8269,Familia
Pedro,do Nascimento de Almeida Farias,pedrofarias@hotmail.com,(87) 9 5634-6106,Trabalho
Davi,Oliveira Barros,davibarros@ig.com.br,(24) 3782-8257,Trabalho
Eloa,da Rocha,eloarocha@bol.com.br,(32) 9 7675-2504,Trabalho
Pedro,Marques Leite,pedroleite@bol.com.br,(29) 9 8498-5824,Conhecidos
Gustavo,de Andrade Conceição,gustavoconceição@hotmail.com,(13) 4384-1987,Familia
Calebe,Santana Monteiro,calebemonteiro@gmail.com,(91) 9 4379-9441,Familia
Lucca,Farias de Carvalho,luccacarvalho@ig.com.br,(53) 9 6522-6230,Conhecidos
Ana,Julia Pinto Lopes,analopes@hotmail.com,(73) 7295-9850,Familia
Ana,Clara dos Santos,anasantos@ig.com.br,(24) 9 5273-7661,Conhecidos
Isabelly,Medeiros,isabellymedeiros@bol.com.br,(83) 9 7399-1152,Conhecidos
Julia,Machado,juliamachado@gmail.com,(11) 9 8964-4121,Trabalho
Vinicius,de Souza Machado Cordeiro,viniciuscordeiro@gmail.com,(56) 7378-5347,Trabalho
Emanuel,Vieira Coelho Pires,emanuelpires@ig.com.br,(63) 9 9725-1490,Familia
Maria,Cecília Ribeiro do Nascimento,marianascimento@gmail.com,(28) 4858-0966,Familia
Heitor,Pires,heitorpires@gmail.com,(45) 9 6725-0433,Trabalho
Lara,de Carvalho Araujo,laraaraujo@hotmail.com,(74) 9 5279-8719,Trabalho
Antônio,Fernandes Dias do Nascimento,antônionascimento@ig.com.br,(28) 3263-5962,Conhecidos
Ana,Clara Reis Cardoso Gonçalves,anagonçalves@bol.com.br,(31) 6343-4039,Conhecidos
Pedro,Nascimento Araujo Leite,pedroleite@gmail.com,(27) 9 2738-2570,Conhecidos
Calebe,Pinto Barros,calebebarros@gmail.com,(77) 6295-2847,Trabalho
Gabriela,Lopes,gabrielalopes@outlook.com,(84) 5592-4895,Conhecidos
Heitor,Nascimento Costa,heitorcosta@outlook.com,(36) 9 2474-0106,Familia
Valentina,Ferreira Cruz Leite,valentinaleite@hotmail.com,(93) 6669-7646,Conhecidos
Melissa,Ribeiro,melissaribeiro@ig.com.br,(42) 9 9395-1567,Conhecidos
Antonella,Moura Miranda Neves,antonellaneves@outlook.com,(32) 6769-1119,Familia
Isadora,dos Reis Medeiros,isadoramedeiros@outlook.com,(94) 7852-4716,Conhecidos
Lucas,Rocha da Conceiçao,lucasconceiçao@hotmail.com,(85) 5678-1744,Conhecidos
Matheus,de Carvalho,matheuscarvalho@ig.com.br,(85) 5663-9589,Familia
Caua,de Lima Nascimento Lopes,caualopes@outlook.com,(97) 9 8634-4858,Conhecidos
Miguel,Costa,miguelcosta@gmail.com,(53) 9 2526-8411,Conhecidos
Heitor,Neves Santos Gomes,heitorgomes@ig.com.br,(65) 5846-5389,Conhecidos
Valentina,Campos,valentinacampos@bol.com.br,(96) 9572-0485,Familia
Bento,Dantas,bentodantas@outlook.com,(11) 9 8672-6057,Conhecidos
Alice,Santana Pires Freitas,alicefreitas@bol.com.br,(95) 8576-2045,Trabalho
Gabriela,Conceição de Carvalho,gabrielacarvalho@hotmail.com,(84) 5493-6546,Trabalho
Isis,Cardoso,isiscardoso@outlook.com,(27) 8346-5980,Familia
Arthur,Nascimento Borges Machado,arthurmachado@hotmail.com,(27) 9 6558-0124,Conhecidos
Maria,Luiza Dantas Braga,mariabraga@hotmail.com,(82) 5435-3336,Trabalho
Vicente,Melo,vicentemelo@outlook.com,(57) 5493-0714,Conhecidos
Miguel,Miranda de Jesus Andrade,miguelandrade@gmail.com,(83) 6842-5551,Familia
Caio,de Paula,caiopaula@outlook.com,(98) 6365-8466,Familia
Bernardo,Barbosa Barbosa Viana,bernardoviana@ig.com.br,(16) 9 8336-4598,Familia
Maria,Cecília da Cruz Garcia Aparecido,mariaaparecido@outlook.com,(42) 2679-4351,Trabalho
Enrico,Machado Brito,enricobrito@outlook.com,(94) 3957-4425,Trabalho
Gustavo,Mendes Almeida de Assis,gustavoassis@ig.com.br,(59) 9 7493-5380,Trabalho
Theo,Araujo,theoaraujo@gmail.com,(14) 9598-8342,Trabalho
Maria,Helena Aparecido Henrique,mariahenrique@outlook.com,(85) 7683-8135,Familia
Beatriz,Rodrigues,beatrizrodrigues@hotmail.com,(56) 4743-0503,Conhecidos
Bryan,Fernandes Martins Machado,bryanmachado@gmail.com,(78) 9 7756-7452,Trabalho
Arthur,Andrade Dias Moreira,arthurmoreira@gmail.com,(44) 9856-1032,Trabalho
Cecilia,Campos Brito,ceciliabrito@gmail.com,(59) 9 7248-9546,Familia
Caio,do Nascimento Duarte,caioduarte@outlook.com,(36) 9 4554-3780,Conhecidos
Lorenzo,Tavares Nascimento Teixeira,lorenzoteixeira@hotmail.com,(19) 4877-0563,Conhecidos
Benjamin,Cordeiro Medeiros Siqueira,benjaminsiqueira@gmail.com,(44) 8962-4630,Trabalho
Manuela,Monteiro,manuelamonteiro@ig.com.br,(64) 4742-8292,Trabalho
Noah,Freitas,noahfreitas@hotmail.com,(22) 8495-6734,Familia
Ana,Clara da Silva,anasilva@gmail.com,(94) 9 2289-8106,Trabalho
Enzo,Gabriel Gomes,enzogomes@bol.com.br,(24) 9 8997-2918,Conhecidos
Livia,Aparecido Nascimento Silveira,liviasilveira@outlook.com,(37) 9 3885-4094,Trabalho
Lucas,Henrique Santana,lucassantana@outlook.com,(33) 9 4576-7654,Conhecidos
Maria,Julia Moura Alves,mariaalves@hotmail.com,(76) 9 6662-1835,Conhecidos
Marina,Carvalho Coelho,marinacoelho@hotmail.com,(61) 9 8672-3768,Conhecidos
Maria,Cecília Martins,mariamartins@bol.com.br,(54) 9 9966-7882,Familia
Rafaela,de Lima Reis,rafaelareis@hotmail.com,(64) 9 5446-5801,Trabalho
Anthony,da Silva Braga dos Reis,anthonyreis@bol.com.br,(62) 9 6378-4582,Conhecidos
Isabelly,Guimaraes Araujo da Rocha,isabellyrocha@bol.com.br,(93) 9 3996-6050,Trabalho
Samuel,Carvalho Pereira,samuelpereira@hotmail.com,(78) 4444-5941,Conhecidos
Livia,Barbosa,liviabarbosa@gmail.com,(27) 9 9992-7237,Familia
Maria,Helena da Conceiçao Cordeiro do Nascimento,marianascimento@hotmail.com,(34) 9395-6271,Trabalho
Agatha,Machado Barros Correa,agathacorrea@bol.com.br,(87) 3369-9751,Trabalho
Davi,Souza Braga,davibraga@ig.com.br,(34) 9 2743-9813,Familia
Bento,Cardoso Gonçalves Ferreira,bentoferreira@bol.com.br,(86) 2693-4432,Trabalho
Maria,Luiza de Souza,mariasouza@hotmail.com,(97) 8963-6564,Trabalho
Mariana,dos Reis,marianareis@hotmail.com,(59) 6879-9843,Conhecidos
Isabella,Reis Souza,isabellasouza@ig.com.br,(27) 9 5362-7518,Trabalho
Manuela,Freitas,manuelafreitas@hotmail.com,(87) 9 8853-0083,Conhecidos
Luiza,de Souza,luizasouza@gmail.com,(42) 4298-1398,Familia
Davi,Lucca do Carmo,davicarmo@hotmail.com,(47) 9848-6691,Familia
Vinicius,Fernandes Rodrigues Marques,viniciusmarques@bol.com.br,(43) 9 8649-9508,Trabalho
Mariana,de Carvalho Correia Sántos,marianasántos@ig.com.br,(91) 9 7778-3457,Conhecidos
Catarina,Conceição Siqueira Alves,catarinaalves@gmail.com,(22) 9 3238-6770,Familia
Gabriela,Almeida,gabrielaalmeida@bol.com.br,(47) 9 5777-9288,Familia
Lorena,de Paula Nunes Araujo,lorenaaraujo@outlook.com,(71) 6572-4800,Trabalho
Arthur,Reis Borges Silveira,arthursilveira@hotmail.com,(84) 9 4432-3473,Conhecidos
Gabriel,Nascimento,gabrielnascimento@hotmail.com,(62) 6363-1170,Familia
Maria,Alice Conceição,mariaconceição@ig.com.br,(96) 9 9252-7360,Trabalho
Esther,Correa,esthercorrea@ig.com.br,(44) 7963-2941,Conhecidos
Murilo,dos Santos da Silva,murilosilva@gmail.com,(81) 7783-3243,Conhecidos
Maria,Alice Araujo,mariaaraujo@gmail.com,(61) 9 5929-2872,Familia
Maria,Helena Rodrigues Souza Carvalho,mariacarvalho@ig.com.br,(13) 3273-1708,Trabalho
Enzo,Gabriel Carneiro Henrique,enzohenrique@hotmail.com,(46) 8268-9740,Familia
Bento,Ferreira,bentoferreira@bol.com.br,(12) 8435-4429,Familia
Enrico,da Costa Oliveira,enricooliveira@outlook.com,(64) 7645-4281,Trabalho
Maria,Helena Almeida da Costa,mariacosta@bol.com.br,(34) 9 4672-0258,Trabalho
Ana,Julia Santos Campos,anacampos@gmail.com,(55) 9 8262-9854,Trabalho
Ana,Clara Alves da Silva,anasilva@outlook.com,(33) 4558-5957,Trabalho
Giovanna,Correia Brito de Andrade,giovannaandrade@outlook.com,(49) 3882-4810,Trabalho
Luiza,Moreira de Almeida,luizaalmeida@hotmail.com,(98) 8947-1794,Familia
Eloa,Tavares,eloatavares@bol.com.br,(69) 9 7475-7933,Trabalho
Giovanna,da Silva Medeiros Freitas,giovannafreitas@gmail.com,(19) 9 6298-4454,Familia
Daniel,Miranda dos Santos,danielsantos@outlook.com,(23) 5773-3736,Trabalho
Benjamin,Duarte Bezerra Rodrigues,benjaminrodrigues@hotmail.com,(81) 5327-0270,Familia
Esther,dos Santos,esthersantos@hotmail.com,(33) 9 5238-0319,Familia
Matheus,Pereira Carneiro,matheuscarneiro@ig.com.br,(47) 9 4683-2788,Familia
Maria,Alice Rocha,mariarocha@outlook.com,(23) 9 2784-3170,Trabalho
Catarina,Braga Barbosa Pires,catarinapires@hotmail.com,(47) 7236-1294,Conhecidos
Nicolas,Vieira Mendes Batista,nicolasbatista@ig.com.br,(46) 4653-6619,Familia
Vitor,Campos de Castro de Araujo,vitoraraujo@gmail.com,(34) 4864-5799,Trabalho
Enzo,Miranda,enzomiranda@outlook.com,(58) 4999-1488,Trabalho
Samuel,Reis Santana,samuelsantana@hotmail.com,(96) 6956-8967,Familia
Bento,Sousa Ramos Almeida,bentoalmeida@hotmail.com,(56) 4343-2640,Conhecidos
Maria,Julia Lopes,marialopes@bol.com.br,(39) 9947-0749,Familia
Henrique,Fernandes Gomes dos Santos,henriquesantos@bol.com.br,(69) 9 3325-1896,Conhecidos
Bernardo,da Cruz de Jesus,bernardojesus@outlook.com,(93) 7258-4741,Familia
Sophia,de Almeida Reis,sophiareis@outlook.com,(15) 8748-1132,Trabalho
Maria,Julia de Castro,mariacastro@ig.com.br,(49) 9 2685-5880,Familia
Matheus,Cardoso Freitas Neves,matheusneves@hotmail.com,(67) 8273-5232,Trabalho
Lucas,Henrique Guimaraes,lucasguimaraes@gmail.com,(47) 3885-0205,Conhecidos
Theo,do Nascimento,theonascimento@gmail.com,(54) 9 4868-9146,Conhecidos
Joao,Pedro Almeida de Oliveira Silva,joaosilva@gmail.com,(87) 9 9325-0677,Conhecidos
Vinicius,do Carmo Sántos,viniciussántos@bol.com.br,(43) 7825-3803,Familia
Rafaela,Santos Duarte,rafaeladuarte@outlook.com,(85) 6963-2402,Trabalho
Emanuelly,Cavalcante,emanuellycavalcante@outlook.com,(41) 9 6684-1299,Trabalho
Ana,Julia Sousa Cordeiro Teixeira,anateixeira@outlook.com,(74) 9 8955-2098,Familia
Catarina,Souza,catarinasouza@gmail.com,(33) 9 8988-0500,Familia
Esther,Pereira,estherpereira@gmail.com,(73) 9 5784-8247,Conhecidos
Isaac,de Paula de Assis,isaacassis@hotmail.com,(27) 9 4739-6942,Familia
Davi,Lucca Borges Nascimento de Freitas,davifreitas@gmail.com,(38) 5472-8058,Familia
Daniel,Ferreira,danielferreira@hotmail.com,(63) 4223-9258,Familia
Henrique,Cardoso,henriquecardoso@ig.com.br,(99) 9 6948-0862,Conhecidos
Joaquim,Leite,joaquimleite@gmail.com,(56) 9 8456-5536,Conhecidos
Gael,Gonçalves,gaelgonçalves@outlook.com,(24) 9 5578-9675,Trabalho
Giovanna,Silveira Lopes Correia,giovannacorreia@gmail.com,(26) 9 9694-3689,Trabalho
Marina,Reis Medeiros Siqueira,marinasiqueira@outlook.com,(96) 9 6864-3997,Familia
Beatriz,de Oliveira,beatrizoliveira@gmail.com,(98) 7335-6095,Trabalho
Agatha,Gomes,agathagomes@outlook.com,(67) 9 9299-1937,Familia
Rafaela,Conceição,rafaelaconceição@ig.com.br,(63) 6597-1502,Familia
Gabriel,da Conceiçao Dias,gabrieldias@hotmail.com,(19) 4897-6280,Conhecidos
Marina,Fernandes Sántos,marinasántos@bol.com.br,(88) 9 9293-6133,Trabalho
Maria,Cecília Silveira Santos Duarte,mariaduarte@ig.com.br,(12) 7476-7422,Familia
Noah,de Andrade Freitas Gonçalves,noahgonçalves@gmail.com,(79) 8562-3465,Trabalho
Ana,Laura Cruz Henrique Soares,anasoares@gmail.com,(15) 9 5724-5184,Trabalho
Valentina,Braga,valentinabraga@bol.com.br,(72) 9 8353-0501,Familia
Antonella,de Melo de Assis Cordeiro,antonellacordeiro@hotmail.com,(72) 6354-8483,Conhecidos
Murilo,Carneiro Dantas Pinheiro,murilopinheiro@gmail.com,(87) 9 8723-2663,Conhecidos
Miguel,dos Santos,miguelsantos@hotmail.com,(26) 8736-1047,Conhecidos
Antônio,Martins Mendes Coelho,antôniocoelho@hotmail.com,(85) 9 2574-7671,Conhecidos
Emanuel,Coelho Vieira,emanuelvieira@bol.com.br,(16) 9 6487-5367,Familia
Eloa,Siqueira Ribeiro Medeiros,eloamedeiros@hotmail.com,(61) 2574-3262,Conhecidos
Gabriela,Ferreira Dantas,gabrieladantas@ig.com.br,(71) 6229-9684,Conhecidos
Joao,Pedro de Souza Silva,joaosilva@ig.com.br,(92) 4578-0954,Familia
Gael,Braga do Carmo Siqueira,gaelsiqueira@bol.com.br,(73) 8652-4197,Familia
Lorenzo,Campos Ferreira Melo,lorenzomelo@hotmail.com,(89) 9 4575-6384,Trabalho
Maria,Alice Ribeiro Brito,mariabrito@ig.com.br,(76) 9 4766-7020,Conhecidos
Laura,Santana Cardoso de Araujo,lauraaraujo@hotmail.com,(92) 7645-3023,Familia
Gabriela,do Nascimento do Nascimento,gabrielanascimento@ig.com.br,(98) 9 6369-3938,Familia
Mariana,Almeida Cruz,marianacruz@outlook.com,(11) 8667-0408,Trabalho
Guilherme,dos Santos de Sousa Oliveira,guilhermeoliveira@bol.com.br,(73) 9739-5560,Familia
Yasmin,Martins Teixeira Ferreira,yasminferreira@gmail.com,(58) 9 2383-7580,Trabalho
Rafael,Cruz,rafaelcruz@ig.com.br,(45) 9 7364-2915,Trabalho
Isis,de Lima de Jesus da Conceiçao,isisconceiçao@outlook.com,(14) 7337-5586,Trabalho
Valentina,Pinheiro,valentinapinheiro@ig.com.br,(63) 9 5683-5172,Familia
Ana,Luiza Monteiro Costa Costa,anacosta@gmail.com,(28) 9 6246-4547,Conhecidos
Rafaela,de Assis da Conceiçao Ribeiro,rafaelaribeiro@ig.com.br,(35) 9 5476-5924,Conhecidos
Mariana,Melo,marianamelo@outlook.com,(81) 9 6486-9026,Trabalho
Pietro,Carneiro,pietrocarneiro@ig.com.br,(24) 5539-2920,Trabalho
Davi,Viana Costa,davicosta@hotmail.com,(98) 2432-0343,Trabalho
Maria,Cecília Medeiros Soares,mariasoares@bol.com.br,(76) 3492-6361,Conhecidos
Cecilia,Neves,cecilianeves@ig.com.br,(49) 9 6984-6925,Conhecidos
Joaquim,da Conceiçao de Jesus,joaquimjesus@bol.com.br,(81) 5285-8161,Conhecidos
Isaac,Neves de Sousa,isaacsousa@ig.com.br,(19) 2746-6602,Conhecidos
Vitor,Aparecido Moraes da Costa,vitorcosta@gmail.com,(54) 7636-3165,Trabalho
Lorena,Braga Ramos Rodrigues,lorenarodrigues@ig.com.br,(61) 8463-0683,Familia
Rafael,Moraes da Silva de Araujo,rafaelaraujo@outlook.com,(51) 2853-3780,Familia
Lara,Andrade Braga de Souza,larasouza@ig.com.br,(73) 9 7972-2674,Conhecidos
Isadora,Lopes dos Santos,isadorasantos@bol.com.br,(81) 9 4946-0089,Trabalho
Ana,Clara Gomes Garcia,anagarcia@hotmail.com,(93) 9 2558-8162,Familia
Antônio,de Assis de Oliveira,antôniooliveira@gmail.com,(32) 9 4293-6449,Familia
Murilo,Reis Rocha de Freitas,murilofreitas@hotmail.com,(33) 6524-4787,Trabalho
Sophia,Nogueira Nascimento,sophianascimento@outlook.com,(87) 9 5656-1978,Familia
Joaquim,Souza dos Reis,joaquimreis@gmail.com,(15) 4498-5323,Familia
Marina,da Cruz Moraes Rodrigues,marinarodrigues@bol.com.br,(57) 3374-6578,Trabalho
Maria,Eduarda Brito,mariabrito@ig.com.br,(99) 9 5222-7874,Familia
Joao,Pedro de Souza Moreira,joaomoreira@hotmail.com,(35) 9 6382-3405,Trabalho
Maria,Helena Pinheiro da Conceiçao,mariaconceiçao@gmail.com,(78) 8283-9202,Familia
Enrico,Ramos,enricoramos@outlook.com,(87) 2259-4893,Conhecidos
Eduardo,de Assis do Nascimento Martins,eduardomartins@ig.com.br,(65) 3946-3107,Conhecidos
Yasmin,Andrade,yasminandrade@ig.com.br,(48) 9 8553-0413,Familia
Esther,Costa,esthercosta@ig.com.br,(85) 6289-7865,Conhecidos
Liz,Lima da Costa de Assis,lizassis@outlook.com,(31) 2757-7505,Conhecidos
Henrique,Dias de Castro,henriquecastro@bol.com.br,(19) 9262-9815,Conhecidos
Davi,da Silva Medeiros,davimedeiros@gmail.com,(93) 5562-3623,Trabalho
Maria,Helena Batista Farias de Paula,mariapaula@bol.com.br,(77) 2467-3946,Familia
Eduardo,Aparecido da Rocha,eduardorocha@gmail.com,(36) 5795-7138,Conhecidos
Alice,Vieira Moura Souza,alicesouza@hotmail.com,(86) 4568-4110,Trabalho
Henrique,Correia Moraes,henriquemoraes@bol.com.br,(72) 9 2637-0359,Familia
Valentina,Araujo,valentinaaraujo@ig.com.br,(18) 9 9576-8271,Familia
Beatriz,Farias Leite da Silva,beatrizsilva@ig.com.br,(26) 9976-9045,Familia
Noah,de Sousa Sántos,noahsántos@gmail.com,(75) 4358-0212,Familia
Noah,Fernandes Neves Aparecido,noahaparecido@gmail.com,(79) 9 2294-5221,Familia
Clara,Santos Silva Nogueira,claranogueira@hotmail.com,(13) 9 9952-4221,Conhecidos
Gael,Cavalcante,gaelcavalcante@hotmail.com,(23) 9 3766-1192,Trabalho
Giovanna,Conceição da Silva,giovannasilva@gmail.com,(42) 7872-0549,Trabalho
Rebeca,Nogueira Melo Oliveira,rebecaoliveira@hotmail.com,(19) 9 8956-6304,Familia
Joao,Miguel Nogueira,joaonogueira@bol.com.br,(83) 9 2678-4318,Conhecidos
Eloa,Correa Cardoso Andrade,eloaandrade@ig.com.br,(41) 3442-1589,Conhecidos
Guilherme,Vieira,guilhermevieira@hotmail.com,(77) 9 3957-8247,Trabalho
Lavinia,Machado de Assis,laviniaassis@hotmail.com,(11) 9 9474-7413,Trabalho
Ana,Laura de Melo Braga,anabraga@gmail.com,(36) 9 5528-8214,Trabalho
Heloísa,Correia de Oliveira,heloísaoliveira@outlook.com,(91) 4685-7800,Trabalho
Maria,Luiza de Melo Oliveira de Jesus,mariajesus@hotmail.com,(32) 9 2243-1096,Conhecidos
Livia,Rodrigues Cordeiro,liviacordeiro@outlook.com,(18) 9 9923-1428,Conhecidos
Bryan,Santos,bryansantos@hotmail.com,(94) 9845-1280,Conhecidos
Theo,do Carmo da Rocha Aparecido,theoaparecido@ig.com.br,(44) 9 2893-8452,Trabalho
Samuel,Fernandes,samuelfernandes@gmail.com,(38) 5763-0180,Familia
Eduardo,Lima,eduardolima@outlook.com,(36) 4427-2439,Trabalho
Lucca,de Paula,luccapaula@gmail.com,(52) 9 8297-2338,Conhecidos
Cecilia,Aparecido de Castro Campos,ceciliacampos@bol.com.br,(85) 8783-1329,Conhecidos
Eduardo,de Assis de Lima,eduardolima@ig.com.br,(18) 9223-1631,Conhecidos
Elisa,Carneiro,elisacarneiro@ig.com.br,(93) 9 6289-1013,Familia
Melissa,Dantas Ribeiro Monteiro,melissamonteiro@gmail.com,(58) 9 2392-6035,Conhecidos
Maite,Gonçalves Monteiro Conceição,maiteconceição@gmail.com,(85) 9 8593-2425,Trabalho
Vinicius,Correa de Carvalho,viniciuscarvalho@outlook.com,(46) 9 3356-4429,Trabalho
Emanuel,Carneiro Freitas,emanuelfreitas@gmail.com,(99) 4695-5956,Familia
Theo,do Carmo,theocarmo@bol.com.br,(97) 3895-5541,Trabalho
Nicolas,dos Santos Leite Moreira,nicolasmoreira@bol.com.br,(58) 9 6864-1549,Familia
Rafael,Martins Nascimento,rafaelnascimento@bol.com.br,(37) 9 7399-2657,Conhecidos
Gabriel,de Castro Duarte,gabrielduarte@ig.com.br,(62) 6492-4371,Familia
Gabriel,Correia da Costa,gabrielcosta@hotmail.com,(98) 2897-2412,Familia
Daniel,Garcia Miranda Silva,danielsilva@gmail.com,(21) 9 2676-4113,Familia
Mariana,Araujo Santos,marianasantos@ig.com.br,(14) 9 5285-0210,Familia
Agatha,Silveira,agathasilveira@bol.com.br,(24) 9 9838-6981,Familia
Isis,da Rocha Alves de Paula,isispaula@bol.com.br,(16) 9 5362-1373,Familia
Mariana,Sántos de Melo Aparecido,marianaaparecido@bol.com.br,(49) 9 3584-7433,Familia
Lucas,Guimaraes Batista Oliveira,lucasoliveira@gmail.com,(51) 9 8363-8408,Familia
Enzo,Gabriel Coelho Carneiro da Silva,enzosilva@outlook.com,(88) 9 3976-9095,Conhecidos
Catarina,Neves de Sousa Farias,catarinafarias@gmail.com,(66) 9 9294-1515,Trabalho
Lara,Dias da Rocha,lararocha@gmail.com,(96) 4637-9423,Trabalho
Pietro,Batista,pietrobatista@bol.com.br,(27) 2283-8207,Trabalho
Eloa,Gomes de Paula,eloapaula@bol.com.br,(54) 9 3854-3726,Familia
Emanuelly,Gonçalves Nogueira do Nascimento,emanuellynascimento@outlook.com,(87) 9 2474-4236,Trabalho
Ana,Laura dos Santos Batista,anabatista@bol.com.br,(98) 4623-9123,Trabalho
Vinicius,Nascimento,viniciusnascimento@ig.com.br,(41) 6237-6466,Familia
Vicente,Dias,vicentedias@hotmail.com,(24) 9 7342-3580,Familia
Sarah,Viana Cavalcante,sarahcavalcante@gmail.com,(55) 7255-2755,Familia
Liz,Cordeiro da Costa Araujo,lizaraujo@outlook.com,(64) 9 8365-6372,Conhecidos
Lucca,Viana,luccaviana@outlook.com,(66) 3627-7526,Familia
Marina,Silva,marinasilva@hotmail.com,(88) 2575-1036,Conhecidos
Isis,Araujo Carneiro Soares,isissoares@outlook.com,(85) 2883-2582,Trabalho
Antônio,Barros Pinto Borges,antônioborges@ig.com.br,(77) 9 4246-4802,Trabalho
Julia,Vieira Leite Reis,juliareis@bol.com.br,(88) 3539-4800,Conhecidos
Joao,da Silva,joaosilva@hotmail.com,(91) 9485-6359,Conhecidos
Gabriela,Fernandes,gabrielafernandes@outlook.com,(71) 9 3796-8889,Conhecidos
Enzo,Gomes Dantas dos Santos,enzosantos@hotmail.com,(14) 9857-9382,Familia
Ana,Laura de Assis Araujo Barbosa,anabarbosa@outlook.com,(18) 9536-7719,Familia
Ana,Julia Silva Barbosa,anabarbosa@bol.com.br,(94) 2526-9048,Trabalho
Sophia,da Rocha do Nascimento dos Santos,sophiasantos@hotmail.com,(16) 7454-8896,Trabalho
Pedro,Henrique Monteiro,pedromonteiro@bol.com.br,(33) 9769-8373,Trabalho
Heitor,Monteiro,heitormonteiro@bol.com.br,(94) 9 8797-3143,Trabalho
Sophia,Nogueira Cruz de Souza,sophiasouza@hotmail.com,(34) 4978-3806,Trabalho
Helena,de Sousa da Silva,helenasilva@bol.com.br,(93) 9 2325-9953,Familia
